station,model,top3_periods,top3_periods_all_stations
Ahmedabad,M1,5,10.0
Ahmedabad,M2,1,1.0
Ahmedabad,M3,0,1.0
Ahmedabad,M4,0,2.0
Ahmedabad,M5,2,4.0
Ahmedabad,M6,0,2.0
Ahmedabad,M7,0,1.0
Ahmedabad,M8,1,1.0
Ahmedabad,M9,0,1.0
Ahmedabad,M10,0,0.0
Ahmedabad,M11,0,0.0
Ahmedabad,M12,0,3.0
Ahmedabad,M13,1,4.0
Ahmedabad,M14,1,6.0
Ahmedabad,M15,4,9.0
Ahmedabad,M16,0,0.0
Amreli,M1,5,10.0
Amreli,M2,0,1.0
Amreli,M3,0,1.0
Amreli,M4,0,2.0
Amreli,M5,0,4.0
Amreli,M6,0,2.0
Amreli,M7,1,1.0
Amreli,M8,0,1.0
Amreli,M9,0,1.0
Amreli,M10,0,0.0
Amreli,M11,0,0.0
Amreli,M12,1,3.0
Amreli,M13,2,4.0
Amreli,M14,2,6.0
Amreli,M15,4,9.0
Amreli,M16,0,0.0
Okha,M1,0,10.0
Okha,M2,0,1.0
Okha,M3,1,1.0
Okha,M4,2,2.0
Okha,M5,2,4.0
Okha,M6,2,2.0
Okha,M7,0,1.0
Okha,M8,0,1.0
Okha,M9,1,1.0
Okha,M10,0,0.0
Okha,M11,0,0.0
Okha,M12,2,3.0
Okha,M13,1,4.0
Okha,M14,3,6.0
Okha,M15,1,9.0
Okha,M16,0,0.0
