station,period,model,n,R2,RMSE,MAE,MBE,GPI,y_R2,median_y_R2,y_RMSE,median_y_RMSE,y_MAE,median_y_MAE,y_MBE,median_y_MBE,rank,status
Ahmedabad,Annual,M1,14802,0.4899301347345647,3.500412934195896,2.6284027595491106,-0.7017124048493207,0.3807321908296762,1.0,0.9355987157949686,0.0,0.13884864666471736,0.0073054302020804235,0.11654088036134824,0.5909011560205205,0.6591479658211801,1,ok
Ahmedabad,Annual,M13,14802,0.4416370138140757,3.6623745496177444,2.6615445174597316,0.8550430298869084,0.2905607470745429,0.9945862732481606,0.9355987157949686,0.014021604023595927,0.13884864666471736,0.010136714395435687,0.11654088036134824,0.6588059848068633,0.6591479658211801,2,ok
Ahmedabad,Annual,M15,14802,0.3993903022162265,3.798399296908552,2.542888631451865,0.8707232344358221,0.28350142832553304,0.9898503574822054,0.9355987157949686,0.025797759373452446,0.13884864666471736,0.0,0.11654088036134824,0.659489946835497,0.6591479658211801,3,ok
Ahmedabad,Winter,M15,2398,0.4696261082763028,1.9008237698022672,1.3559778729794556,-0.40035355666637334,0.10760871485244196,1.0,0.9876199324684236,0.0,0.04668981381583945,0.011626944862299085,0.051944164878673295,0.6394718045552097,0.6476934180438616,1,ok
Ahmedabad,Winter,M1,2398,0.28136547984160476,2.2126097564573968,1.7489145941496678,-0.9586644440324895,0.07296879998437354,0.9939542662526989,0.9876199324684236,0.024382016600904884,0.04668981381583945,0.04110704807883261,0.051944164878673295,0.6142038658585386,0.6476934180438616,2,ok
Ahmedabad,Winter,M14,2398,0.24981383615459418,2.260660315035891,1.7854834013441059,-0.9795021981631662,0.0663974482721861,0.9929410281762758,0.9876199324684236,0.02813962459834026,0.04668981381583945,0.04385062523137508,0.051944164878673295,0.6132607943443251,0.6476934180438616,3,ok
Ahmedabad,Pre-Monsoon,M15,3741,0.3841558110927715,2.3186722176289853,1.5562550802192459,0.04666154066942771,0.28479652544448164,1.0,0.9617628817328013,0.0,0.11952616311455963,0.0,0.11838114068390321,0.6487944723717685,0.6574465757505886,1,ok
Ahmedabad,Pre-Monsoon,M1,3741,0.14997457926868496,2.724080211347372,2.0777681921591444,-0.8933515936473156,0.25495373638380886,0.9936900593335156,0.9617628817328013,0.025610364149482746,0.11952616311455963,0.03177846967415694,0.11838114068390321,0.6149384869423172,0.6574465757505886,2,ok
Ahmedabad,Pre-Monsoon,M5,3741,0.05446706809728796,2.8730439139918125,1.9745820510000067,1.7626588340605145,0.15359746139421554,0.9911166390640902,0.9617628817328013,0.03502067358810092,0.11952616311455963,0.02549080866900693,0.11838114068390321,0.7105986932290169,0.6574465757505886,3,ok
Ahmedabad,Monsoon,M1,4989,0.25329568237599775,4.87406985912713,3.9945157785833314,-0.14694135612505507,0.6899019155773234,1.0,0.8460641957392884,0.0,0.23461170837071382,0.0,0.18849762998388508,0.507212089503654,0.620068862465667,1,ok
Ahmedabad,Monsoon,M2,4989,0.11094096281314514,5.318421075004319,4.273289830355098,-2.372535606729073,0.6660651896689822,0.9678299678721181,0.8460641957392884,0.055870109297050434,0.23461170837071382,0.038734925601454556,0.18849762998388508,0.4042737483856084,0.620068862465667,2,ok
Ahmedabad,Monsoon,M8,4989,0.15514949110298681,5.184505664231564,4.131806656077784,-0.9802090375375039,0.6481541217473212,0.9778204323946704,0.8460641957392884,0.03903237290948735,0.23461170837071382,0.019076208462399775,0.18849762998388508,0.4686717343564395,0.620068862465667,3,ok
Ahmedabad,Post-Monsoon,M15,3674,0.4900398101362057,2.0890284303903353,1.4475982296845296,-0.32642804931544406,0.17018818707972766,1.0,0.9805754638087423,0.0,0.06606108231006402,0.0044956347164758406,0.08155917163750086,0.6647127075650479,0.6723517392224287,1,ok
Ahmedabad,Post-Monsoon,M1,3674,0.25747211028142136,2.5207663847025077,1.908043120265497,-1.0922022161805196,0.1288005222843263,0.9910521277196985,0.9805754638087423,0.033286243906415935,0.06606108231006402,0.03870461171332411,0.08155917163750086,0.6296572791768835,0.6723517392224287,2,ok
Ahmedabad,Post-Monsoon,M5,3674,0.42653005149197953,2.2152948899118226,1.3870880298235273,0.8635818786922091,0.10802941370395064,0.9975565084521361,0.9805754638087423,0.009734923990010955,0.06606108231006402,0.0,0.08155917163750086,0.7191887001194258,0.6723517392224287,3,ok
Amreli,Annual,M1,14718,0.2715491229878698,3.8594075784380806,2.867942125119974,-0.6026206870896906,0.24402929750211635,0.9972354772110197,0.9636597902674925,0.006801172173168823,0.08060886845121107,0.026509781927814207,0.09731973773686953,0.5923532742653267,0.6581892327368183,1,ok
Amreli,Annual,M15,14718,0.3001096989355798,3.7829926512882683,2.5540488555257213,0.8842714486642584,0.21624457262518104,1.0,0.9636597902674925,0.0,0.08060886845121107,0.0,0.09731973773686953,0.6562134760322254,0.6581892327368183,2,ok
Amreli,Annual,M13,14718,0.18660447146256443,4.0782270450569955,3.0662641051778485,0.9762767046747437,0.13177049307818192,0.989013254193752,0.9636597902674925,0.02627680243057286,0.08060886845121107,0.043259017900992354,0.09731973773686953,0.6601649894414112,0.6581892327368183,3,ok
Amreli,Winter,M14,2362,0.2282686053103462,2.5502041749891187,1.780395372557364,-0.3437366313670072,0.29399382277427,1.0,0.9593192712812899,0.0,0.10757359601881104,0.01488929963756796,0.10309693509633663,0.5837183810811433,0.6412502436591234,1,ok
Amreli,Winter,M15,2362,0.22052991471339978,2.5629586210002073,1.595158405856617,0.35352657701215073,0.277739444718307,0.9996693136916437,0.9593192712812899,0.0010880110165432512,0.10757359601881104,0.0,0.10309693509633663,0.6134433614497746,0.6412502436591234,2,ok
Amreli,Winter,M1,2362,0.1301394778005518,2.7074888637149805,1.9059738711838767,-0.07987409819859441,0.25504085515816366,0.9958067894675571,0.9593192712812899,0.013417084044147142,0.10757359601881104,0.024983266988624377,0.10309693509633663,0.5949670867696031,0.6412502436591234,3,ok
Amreli,Pre-Monsoon,M15,3753,0.13469815925779116,2.911130936827717,1.9801705865483668,0.9266617640482522,0.2187955857233668,1.0,0.9708631559582577,0.0,0.08334507628544491,0.0,0.09578001851697757,0.6463291108666059,0.6568627577458079,1,ok
Amreli,Pre-Monsoon,M1,3753,-0.02771939025170367,3.1725991318586817,2.3353975324673364,0.0076506218916900515,0.20434906256299035,0.9944225965831311,0.9708631559582577,0.018379669298730857,0.08334507628544491,0.02380693795394715,0.09578001851697757,0.6130116233574355,0.6568627577458079,2,ok
Amreli,Pre-Monsoon,M12,3753,-0.36646088133346133,3.6582765017581083,3.254013253334916,-2.5037978037007464,0.18806091360901706,0.9827902455502507,0.9708631559582577,0.05251991891330331,0.08334507628544491,0.08537160167516022,0.09578001851697757,0.5219625079427429,0.6568627577458079,3,ok
Amreli,Monsoon,M1,4962,0.004800055458660246,5.3203406821486325,4.415119885315729,-1.1967064344526654,0.2922449678295612,0.9923977624869305,0.9360087562978451,0.013768855495260034,0.10759112708072097,0.02330497399411418,0.05890185376098853,0.5139026891828389,0.6203394994709794,1,ok
Amreli,Monsoon,M13,4962,0.048877244458511604,5.201188064959984,4.219728487720395,0.48969029394032726,0.26081407909533727,1.0,0.9360087562978451,0.0,0.10759112708072097,0.0,0.05890185376098853,0.5900096449195066,0.6203394994709794,2,ok
Amreli,Monsoon,M7,4962,0.03394394792815336,5.24186019769591,4.5216441825576945,-0.05719887198877578,0.24220911197196524,0.9974243714344565,0.9360087562978451,0.004699927970850759,0.10759112708072097,0.036010476935992804,0.05890185376098853,0.5653285785704916,0.6203394994709794,3,ok
Amreli,Post-Monsoon,M15,3641,0.3872894344701566,2.1666994995047264,1.4746951526081935,-0.10915002760235538,0.2158609178178333,1.0,0.9734181772298083,0.0,0.08437786999119248,0.0,0.09219181371467602,0.6656270202125055,0.6783364315542786,1,ok
Amreli,Post-Monsoon,M1,3641,0.15115585892211758,2.550263035074743,1.9324059608604536,-0.7611546577441288,0.1738856795240485,0.99204696285603,0.9734181772298083,0.029344663661598266,0.08437786999119248,0.03375529069179972,0.09219181371467602,0.6365492670089223,0.6783364315542786,2,ok
Amreli,Post-Monsoon,M14,3641,-0.10774283320828815,2.913335311563561,2.456652414317932,-1.628746290125255,0.13741915541539945,0.9833271909631105,0.9734181772298083,0.057121636315116686,0.08437786999119248,0.07241745708934154,0.09219181371467602,0.5978568801735916,0.6783364315542786,3,ok
Okha,Annual,M5,14474,-0.11058534291414812,4.988988598364181,4.4359948610962885,-2.049551416797216,0.11739599706804987,0.991584189857227,0.9534116494441001,0.016532524980200976,0.0856550420695002,0.09484412076972909,0.1582960457901877,0.6961210898200118,0.6427701043651769,1,ok
Okha,Annual,M6,14474,-0.04084148357632089,4.829796574923619,4.113426725824566,-1.036558692254558,0.11328434747718691,1.0,0.9534116494441001,0.0,0.0856550420695002,0.06323168655659521,0.1582960457901877,0.7567935087469826,0.6427701043651769,2,ok
Okha,Annual,M3,14474,-0.1042541404576316,4.974747710675614,4.424255465828571,-1.8967926067487346,0.11164003878408535,0.9923481595938516,0.9534116494441001,0.015053570027791705,0.0856550420695002,0.09369363248516842,0.1582960457901877,0.7052704610775709,0.6427701043651769,3,ok
Okha,Winter,M4,2402,0.33247063509546204,2.24884900419111,1.5849869488339976,-0.3924032954394478,0.30226039000231564,1.0,0.8958352719567222,0.0,0.23777885920749803,0.0,0.2624807767709243,1.0,0.6978360259806154,1,ok
Okha,Winter,M14,2402,0.19552539645923295,2.468773675664198,2.0244326748376977,-1.1062814997799508,0.29642547912741013,0.9951963090740615,0.8958352719567222,0.01742858599771696,0.23777885920749803,0.03353282154686327,0.2624807767709243,0.9500698124043868,0.6978360259806154,2,ok
Okha,Winter,M9,2402,-0.03212924613633539,2.7963540093716626,2.121253910527145,-0.6499668291748403,0.22317607072321777,0.9872107627945811,0.8958352719567222,0.04338866577839769,0.23777885920749803,0.040920967627714425,0.2624807767709243,0.9819854486675669,0.6978360259806154,3,ok
Okha,Pre-Monsoon,M14,3634,-0.08256241902838135,3.547324148284171,2.9050822098604896,-1.672823952088636,0.26344560514383625,1.0,0.9155519797723323,0.0,0.17882394167516696,0.055280589752550076,0.24084545646926353,0.82616834896212,0.6407771254864081,1,ok
Okha,Pre-Monsoon,M12,3634,-0.16143820609947301,3.674281754627945,3.11003436860341,-1.814843631498994,0.24334491040245898,0.9963975497103907,0.9155519797723323,0.009922061906216011,0.17882394167516696,0.07002533278260442,0.24084545646926353,0.8179997884776177,0.6407771254864081,2,ok
Okha,Pre-Monsoon,M6,3634,-0.47617137855477054,4.142311860664305,3.656028985864812,-2.6286592426787276,0.19992069711900773,0.9820229152330282,0.9155519797723323,0.046499812698800366,0.17882394167516696,0.10930547687423295,0.24084545646926353,0.7711914723994935,0.6407771254864081,3,ok
Okha,Monsoon,M13,4733,-0.12916742642484746,5.872160882243722,5.190258215993705,-1.9385875152207723,0.5646565973356574,0.9710723814782165,0.8337583493146634,0.0440552500895845,0.2296515672951629,0.06599398216080164,0.16973159341129979,0.45222266880973905,0.5902313055257669,1,ok
Okha,Monsoon,M15,4733,-0.02537720240268082,5.595779638122988,4.927675618554599,0.3765850390556559,0.5606140082139692,1.0,0.8337583493146634,0.0,0.2296515672951629,0.0183178263561765,0.16973159341129979,0.5769242823474203,0.5902313055257669,2,ok
Okha,Monsoon,M5,4733,-0.051133243319598565,5.665622845613359,4.826787819551797,1.062938911755131,0.5236513573475584,0.9928214729923224,0.8337583493146634,0.011133027434028444,0.2296515672951629,0.0,0.16973159341129979,0.6138932051283016,0.5902313055257669,3,ok
Okha,Post-Monsoon,M14,3705,0.011274355215961651,3.1671073622149786,2.734973065629008,-1.5978923585566245,0.20548832141737533,0.9890818953785491,0.9191224941916338,0.03313042266221796,0.1857388331485483,0.07514680839480177,0.23262425896164096,0.8796707413790457,0.7051138005563362,1,ok
Okha,Post-Monsoon,M4,3705,0.25221385577849864,2.7543149119178767,1.7419373655924806,0.2294242412140252,0.20435439847489167,1.0,0.9191224941916338,0.0,0.1857388331485483,0.0,0.23262425896164096,1.0,0.7051138005563362,2,ok
Okha,Post-Monsoon,M12,3705,-0.14215544075107167,3.403983865700752,3.0761023721571585,-2.080318687833742,0.18547749408927683,0.9821292680156435,0.9191224941916338,0.05214195902530711,0.1857388331485483,0.10096136736239938,0.23262425896164096,0.8479028460135518,0.7051138005563362,3,ok
