district,model,Annual,Winter,Pre-Monsoon,Monsoon,Post-Monsoon
Ahmedabad,M1,1,2,2,1,2
Ahmedabad,M2,13,14,11,2,14
Ahmedabad,M3,5,5,4,8,5
Ahmedabad,M4,12,9,9,13,9
Ahmedabad,M5,6,4,3,9,3
Ahmedabad,M6,7,6,5,12,6
Ahmedabad,M7,4,8,8,5,8
Ahmedabad,M8,11,13,13,3,12
Ahmedabad,M9,14,12,14,16,13
Ahmedabad,M10,16,16,16,14,16
Ahmedabad,M11,9,11,12,6,11
Ahmedabad,M12,10,10,7,11,10
Ahmedabad,M13,2,7,6,4,4
Ahmedabad,M14,8,3,10,10,7
Ahmedabad,M15,3,1,1,7,1
Ahmedabad,M16,15,15,15,15,15
Amreli,M1,1,3,2,1,2
Amreli,M2,13,14,12,7,14
Amreli,M3,8,5,7,10,5
Amreli,M4,11,10,11,13,9
Amreli,M5,9,4,6,11,4
Amreli,M6,10,6,8,12,6
Amreli,M7,6,11,4,3,11
Amreli,M8,12,15,13,5,12
Amreli,M9,14,12,14,15,13
Amreli,M10,16,16,16,14,16
Amreli,M11,7,9,9,4,10
Amreli,M12,5,8,3,9,8
Amreli,M13,3,7,10,2,7
Amreli,M14,4,1,5,8,3
Amreli,M15,2,2,1,6,1
Amreli,M16,15,13,15,16,15
Okha,M1,12,14,12,7,13
Okha,M2,13,11,14,12,11
Okha,M3,3,6,6,5,6
Okha,M4,11,1,4,16,2
Okha,M5,1,7,7,3,7
Okha,M6,2,5,3,8,5
Okha,M7,7,8,9,4,9
Okha,M8,14,13,13,11,14
Okha,M9,9,3,5,13,4
Okha,M10,16,16,16,15,16
Okha,M11,8,10,10,6,10
Okha,M12,6,4,2,10,3
Okha,M13,10,12,11,1,12
Okha,M14,4,2,1,9,1
Okha,M15,5,9,8,2,8
Okha,M16,15,15,15,14,15
