district,period,model,n,R2,RMSE,MAE,MBE,GPI,y_R2,median_y_R2,y_RMSE,median_y_RMSE,y_MAE,median_y_MAE,y_MBE,median_y_MBE,rank,status
Ahmedabad,Annual,M1,14802,0.4899301347345647,3.500412934195896,2.62840275954911,-0.7017124048493207,0.3807321908296762,1.0,0.9355987157949686,0.0,0.1388486466647173,0.0073054302020804,0.1165408803613482,0.5909011560205205,0.6591479658211801,1,ok
Ahmedabad,Annual,M13,14802,0.4416370138140757,3.662374549617744,2.661544517459732,0.8550430298869084,0.2905607470745429,0.9945862732481606,0.9355987157949686,0.0140216040235959,0.1388486466647173,0.0101367143954356,0.1165408803613482,0.6588059848068633,0.6591479658211801,2,ok
Ahmedabad,Annual,M15,14802,0.3993903022162265,3.798399296908552,2.542888631451865,0.8707232344358221,0.283501428325533,0.9898503574822054,0.9355987157949686,0.0257977593734524,0.1388486466647173,0.0,0.1165408803613482,0.659489946835497,0.6591479658211801,3,ok
Ahmedabad,Winter,M15,2398,0.4696261082763028,1.9008237698022672,1.3559778729794556,-0.4003535566663733,0.1076087148524419,1.0,0.9876199324684236,0.0,0.0466898138158394,0.011626944862299,0.0519441648786732,0.6394718045552097,0.6476934180438616,1,ok
Ahmedabad,Winter,M1,2398,0.2813654798416047,2.2126097564573968,1.7489145941496678,-0.9586644440324896,0.0729687999843735,0.9939542662526988,0.9876199324684236,0.0243820166009048,0.0466898138158394,0.0411070480788326,0.0519441648786732,0.6142038658585386,0.6476934180438616,2,ok
Ahmedabad,Winter,M14,2398,0.2498138361545941,2.260660315035891,1.785483401344106,-0.9795021981631662,0.0663974482721861,0.9929410281762758,0.9876199324684236,0.0281396245983402,0.0466898138158394,0.043850625231375,0.0519441648786732,0.6132607943443251,0.6476934180438616,3,ok
Ahmedabad,Pre-Monsoon,M15,3741,0.3841558110927715,2.3186722176289853,1.556255080219246,0.0466615406694277,0.2847965254444816,1.0,0.9617628817328012,0.0,0.1195261631145596,0.0,0.1183811406839032,0.6487944723717685,0.6574465757505886,1,ok
Ahmedabad,Pre-Monsoon,M1,3741,0.1499745792686849,2.724080211347372,2.0777681921591444,-0.8933515936473156,0.2549537363838088,0.9936900593335156,0.9617628817328012,0.0256103641494827,0.1195261631145596,0.0317784696741569,0.1183811406839032,0.6149384869423172,0.6574465757505886,2,ok
Ahmedabad,Pre-Monsoon,M5,3741,0.0544670680972879,2.8730439139918125,1.9745820510000067,1.7626588340605145,0.1535974613942155,0.9911166390640902,0.9617628817328012,0.0350206735881009,0.1195261631145596,0.0254908086690069,0.1183811406839032,0.7105986932290169,0.6574465757505886,3,ok
Ahmedabad,Monsoon,M1,4989,0.2532956823759977,4.87406985912713,3.9945157785833314,-0.146941356125055,0.6899019155773234,1.0,0.8460641957392884,0.0,0.2346117083707138,0.0,0.188497629983885,0.507212089503654,0.620068862465667,1,ok
Ahmedabad,Monsoon,M2,4989,0.1109409628131451,5.318421075004319,4.273289830355098,-2.372535606729073,0.6660651896689822,0.967829967872118,0.8460641957392884,0.0558701092970504,0.2346117083707138,0.0387349256014545,0.188497629983885,0.4042737483856084,0.620068862465667,2,ok
Ahmedabad,Monsoon,M8,4989,0.1551494911029868,5.184505664231564,4.131806656077784,-0.980209037537504,0.6481541217473212,0.9778204323946704,0.8460641957392884,0.0390323729094873,0.2346117083707138,0.0190762084623997,0.188497629983885,0.4686717343564395,0.620068862465667,3,ok
Ahmedabad,Post-Monsoon,M15,3674,0.4900398101362057,2.0890284303903357,1.4475982296845296,-0.326428049315444,0.1701881870797276,1.0,0.9805754638087424,0.0,0.066061082310064,0.0044956347164758,0.0815591716375008,0.6647127075650479,0.6723517392224287,1,ok
Ahmedabad,Post-Monsoon,M1,3674,0.2574721102814213,2.520766384702508,1.908043120265497,-1.0922022161805196,0.1288005222843263,0.9910521277196984,0.9805754638087424,0.0332862439064159,0.066061082310064,0.0387046117133241,0.0815591716375008,0.6296572791768835,0.6723517392224287,2,ok
Ahmedabad,Post-Monsoon,M5,3674,0.4265300514919795,2.2152948899118226,1.3870880298235273,0.8635818786922091,0.1080294137039506,0.997556508452136,0.9805754638087424,0.0097349239900109,0.066061082310064,0.0,0.0815591716375008,0.7191887001194258,0.6723517392224287,3,ok
Amreli,Annual,M1,14718,0.2715491229878698,3.859407578438081,2.867942125119974,-0.6026206870896906,0.2440292975021163,0.9972354772110196,0.9636597902674924,0.0068011721731688,0.080608868451211,0.0265097819278142,0.0973197377368695,0.5923532742653267,0.6581892327368183,1,ok
Amreli,Annual,M15,14718,0.3001096989355798,3.782992651288268,2.5540488555257213,0.8842714486642584,0.216244572625181,1.0,0.9636597902674924,0.0,0.080608868451211,0.0,0.0973197377368695,0.6562134760322254,0.6581892327368183,2,ok
Amreli,Annual,M13,14718,0.1866044714625644,4.078227045056996,3.0662641051778485,0.9762767046747436,0.1317704930781819,0.989013254193752,0.9636597902674924,0.0262768024305728,0.080608868451211,0.0432590179009923,0.0973197377368695,0.6601649894414112,0.6581892327368183,3,ok
Amreli,Winter,M14,2362,0.2282686053103462,2.5502041749891187,1.780395372557364,-0.3437366313670072,0.29399382277427,1.0,0.95931927128129,0.0,0.107573596018811,0.0148892996375679,0.1030969350963366,0.5837183810811433,0.6412502436591234,1,ok
Amreli,Winter,M15,2362,0.2205299147133997,2.5629586210002078,1.595158405856617,0.3535265770121507,0.277739444718307,0.9996693136916436,0.95931927128129,0.0010880110165432,0.107573596018811,0.0,0.1030969350963366,0.6134433614497746,0.6412502436591234,2,ok
Amreli,Winter,M1,2362,0.1301394778005518,2.7074888637149805,1.9059738711838767,-0.0798740981985944,0.2550408551581636,0.9958067894675572,0.95931927128129,0.0134170840441471,0.107573596018811,0.0249832669886243,0.1030969350963366,0.5949670867696031,0.6412502436591234,3,ok
Amreli,Pre-Monsoon,M15,3753,0.1346981592577911,2.911130936827717,1.9801705865483668,0.9266617640482522,0.2187955857233668,1.0,0.9708631559582576,0.0,0.0833450762854449,0.0,0.0957800185169775,0.6463291108666059,0.6568627577458079,1,ok
Amreli,Pre-Monsoon,M1,3753,-0.0277193902517036,3.1725991318586817,2.3353975324673364,0.00765062189169,0.2043490625629903,0.9944225965831311,0.9708631559582576,0.0183796692987308,0.0833450762854449,0.0238069379539471,0.0957800185169775,0.6130116233574355,0.6568627577458079,2,ok
Amreli,Pre-Monsoon,M12,3753,-0.3664608813334613,3.658276501758108,3.254013253334916,-2.5037978037007464,0.188060913609017,0.9827902455502509,0.9708631559582576,0.0525199189133033,0.0833450762854449,0.0853716016751602,0.0957800185169775,0.5219625079427429,0.6568627577458079,3,ok
Amreli,Monsoon,M1,4962,0.0048000554586602,5.3203406821486325,4.415119885315729,-1.1967064344526654,0.2922449678295612,0.9923977624869303,0.9360087562978452,0.01376885549526,0.1075911270807209,0.0233049739941141,0.0589018537609885,0.5139026891828389,0.6203394994709794,1,ok
Amreli,Monsoon,M13,4962,0.0488772444585116,5.201188064959984,4.219728487720395,0.4896902939403272,0.2608140790953372,1.0,0.9360087562978452,0.0,0.1075911270807209,0.0,0.0589018537609885,0.5900096449195066,0.6203394994709794,2,ok
Amreli,Monsoon,M7,4962,0.0339439479281533,5.24186019769591,4.521644182557695,-0.0571988719887757,0.2422091119719652,0.9974243714344564,0.9360087562978452,0.0046999279708507,0.1075911270807209,0.0360104769359928,0.0589018537609885,0.5653285785704916,0.6203394994709794,3,ok
Amreli,Post-Monsoon,M15,3641,0.3872894344701566,2.1666994995047264,1.4746951526081935,-0.1091500276023553,0.2158609178178333,1.0,0.9734181772298084,0.0,0.0843778699911924,0.0,0.092191813714676,0.6656270202125055,0.6783364315542786,1,ok
Amreli,Post-Monsoon,M1,3641,0.1511558589221175,2.550263035074743,1.9324059608604536,-0.7611546577441288,0.1738856795240485,0.99204696285603,0.9734181772298084,0.0293446636615982,0.0843778699911924,0.0337552906917997,0.092191813714676,0.6365492670089223,0.6783364315542786,2,ok
Amreli,Post-Monsoon,M14,3641,-0.1077428332082881,2.913335311563561,2.456652414317932,-1.628746290125255,0.1374191554153994,0.9833271909631104,0.9734181772298084,0.0571216363151166,0.0843778699911924,0.0724174570893415,0.092191813714676,0.5978568801735916,0.6783364315542786,3,ok
Okha,Annual,M5,14474,-0.1105853429141481,4.988988598364181,4.4359948610962885,-2.049551416797216,0.1173959970680498,0.991584189857227,0.9534116494441,0.0165325249802009,0.0856550420695002,0.094844120769729,0.1582960457901877,0.6961210898200118,0.6427701043651769,1,ok
Okha,Annual,M6,14474,-0.0408414835763208,4.829796574923619,4.113426725824566,-1.036558692254558,0.1132843474771869,1.0,0.9534116494441,0.0,0.0856550420695002,0.0632316865565952,0.1582960457901877,0.7567935087469826,0.6427701043651769,2,ok
Okha,Annual,M3,14474,-0.1042541404576316,4.974747710675614,4.424255465828571,-1.8967926067487344,0.1116400387840853,0.9923481595938516,0.9534116494441,0.0150535700277917,0.0856550420695002,0.0936936324851684,0.1582960457901877,0.7052704610775709,0.6427701043651769,3,ok
Okha,Winter,M4,2402,0.332470635095462,2.24884900419111,1.5849869488339976,-0.3924032954394478,0.3022603900023156,1.0,0.8958352719567222,0.0,0.237778859207498,0.0,0.2624807767709243,1.0,0.6978360259806154,1,ok
Okha,Winter,M14,2402,0.1955253964592329,2.468773675664198,2.0244326748376977,-1.1062814997799508,0.2964254791274101,0.9951963090740616,0.8958352719567222,0.0174285859977169,0.237778859207498,0.0335328215468632,0.2624807767709243,0.9500698124043868,0.6978360259806154,2,ok
Okha,Winter,M9,2402,-0.0321292461363353,2.7963540093716626,2.121253910527145,-0.6499668291748403,0.2231760707232177,0.9872107627945812,0.8958352719567222,0.0433886657783976,0.237778859207498,0.0409209676277144,0.2624807767709243,0.9819854486675668,0.6978360259806154,3,ok
Okha,Pre-Monsoon,M14,3634,-0.0825624190283813,3.547324148284171,2.9050822098604896,-1.672823952088636,0.2634456051438362,1.0,0.9155519797723324,0.0,0.1788239416751669,0.05528058975255,0.2408454564692635,0.82616834896212,0.6407771254864081,1,ok
Okha,Pre-Monsoon,M12,3634,-0.161438206099473,3.674281754627945,3.11003436860341,-1.814843631498994,0.2433449104024589,0.9963975497103909,0.9155519797723324,0.009922061906216,0.1788239416751669,0.0700253327826044,0.2408454564692635,0.8179997884776177,0.6407771254864081,2,ok
Okha,Pre-Monsoon,M6,3634,-0.4761713785547705,4.142311860664305,3.656028985864812,-2.628659242678728,0.1999206971190077,0.9820229152330282,0.9155519797723324,0.0464998126988003,0.1788239416751669,0.1093054768742329,0.2408454564692635,0.7711914723994935,0.6407771254864081,3,ok
Okha,Monsoon,M13,4733,-0.1291674264248474,5.872160882243722,5.190258215993705,-1.9385875152207723,0.5646565973356574,0.9710723814782164,0.8337583493146634,0.0440552500895845,0.2296515672951629,0.0659939821608016,0.1697315934112997,0.452222668809739,0.5902313055257669,1,ok
Okha,Monsoon,M15,4733,-0.0253772024026808,5.595779638122988,4.927675618554599,0.3765850390556559,0.5606140082139692,1.0,0.8337583493146634,0.0,0.2296515672951629,0.0183178263561765,0.1697315934112997,0.5769242823474203,0.5902313055257669,2,ok
Okha,Monsoon,M5,4733,-0.0511332433195985,5.665622845613359,4.826787819551797,1.062938911755131,0.5236513573475584,0.9928214729923224,0.8337583493146634,0.0111330274340284,0.2296515672951629,0.0,0.1697315934112997,0.6138932051283016,0.5902313055257669,3,ok
Okha,Post-Monsoon,M14,3705,0.0112743552159616,3.1671073622149786,2.734973065629008,-1.5978923585566245,0.2054883214173753,0.9890818953785492,0.9191224941916338,0.0331304226622179,0.1857388331485483,0.0751468083948017,0.2326242589616409,0.8796707413790457,0.7051138005563362,1,ok
Okha,Post-Monsoon,M4,3705,0.2522138557784986,2.7543149119178767,1.7419373655924806,0.2294242412140252,0.2043543984748916,1.0,0.9191224941916338,0.0,0.1857388331485483,0.0,0.2326242589616409,1.0,0.7051138005563362,2,ok
Okha,Post-Monsoon,M12,3705,-0.1421554407510716,3.403983865700752,3.0761023721571585,-2.080318687833742,0.1854774940892768,0.9821292680156436,0.9191224941916338,0.0521419590253071,0.1857388331485483,0.1009613673623993,0.2326242589616409,0.8479028460135518,0.7051138005563362,3,ok
