district,period,rank,model,GPI,y_R2,y_RMSE,y_MAE,y_MBE,median_y_R2,median_y_RMSE,median_y_MAE,median_y_MBE,R2,RMSE,MAE,MBE,n,status
Surat,Annual,,M1,,,,,,,,,,,,,,0,no valid reference data
Surat,Annual,,M2,,,,,,,,,,,,,,0,no valid reference data
Surat,Annual,,M3,,,,,,,,,,,,,,0,no valid reference data
Surat,Annual,,M4,,,,,,,,,,,,,,0,no valid reference data
Surat,Annual,,M5,,,,,,,,,,,,,,0,no valid reference data
Surat,Annual,,M6,,,,,,,,,,,,,,0,no valid reference data
Surat,Annual,,M7,,,,,,,,,,,,,,0,no valid reference data
Surat,Annual,,M8,,,,,,,,,,,,,,0,no valid reference data
Surat,Annual,,M9,,,,,,,,,,,,,,0,no valid reference data
Surat,Annual,,M10,,,,,,,,,,,,,,0,no valid reference data
Surat,Annual,,M11,,,,,,,,,,,,,,0,no valid reference data
Surat,Annual,,M12,,,,,,,,,,,,,,0,no valid reference data
Surat,Annual,,M13,,,,,,,,,,,,,,0,no valid reference data
Surat,Annual,,M14,,,,,,,,,,,,,,0,no valid reference data
Surat,Annual,,M15,,,,,,,,,,,,,,0,no valid reference data
Surat,Annual,,M16,,,,,,,,,,,,,,0,no valid reference data
Ahmedabad,Annual,1.0,M1,0.435570572882958,1.0,0.0,0.0,0.5915867047307481,0.9240436237459302,0.1619699823168481,0.12988188583014837,0.6593490332126398,0.538944690243585,3.318863195312487,2.521410515379057,-0.4203578659844847,8013,ok
Ahmedabad,Annual,2.0,M13,0.3266162487882205,0.990457424923737,0.024972312529633743,0.007461380543486298,0.6585647606761026,0.9240436237459302,0.1619699823168481,0.12988188583014837,0.6593490332126398,0.45582870701294464,3.605625784139333,2.6066707162796314,1.111241360386352,8013,ok
Ahmedabad,Annual,3.0,M15,0.29916369580413127,0.9814416153237437,0.046864681887608554,0.0024372094965329797,0.6601333057491771,0.9240436237459302,0.1619699823168481,0.12988188583014837,0.6593490332126398,0.3773008595991256,3.8570207042211875,2.549260183426426,1.1471095620912295,8013,ok
Ahmedabad,Annual,4.0,M7,0.24231211109019332,0.9645098988461216,0.08452719676961534,0.09183405803307715,0.5729938105669419,0.9240436237459302,0.1619699823168481,0.12988188583014837,0.6593490332126398,0.22982533527020355,4.289507693821276,3.5707860554391972,-0.8455249138383959,8013,ok
Ahmedabad,Annual,5.0,M3,0.12002655363865192,0.9555890423876143,0.10291750169387273,0.03713408472819182,0.722668179940604,0.9240436237459302,0.1619699823168481,0.12988188583014837,0.6593490332126398,0.15212453125424852,4.500687633329766,2.9457367517547794,2.577105753842898,8013,ok
Ahmedabad,Annual,6.0,M5,0.11835109143068698,0.954807234125417,0.10448823667958415,0.035529527988716704,0.7235956556401353,0.9240436237459302,0.1619699823168481,0.12988188583014837,0.6593490332126398,0.14531496864760962,4.5187247306281835,2.92740169577329,2.598314507125299,8013,ok
Ahmedabad,Annual,7.0,M11,0.07823810369970119,0.9211778354971403,0.16695955649489505,0.20167539848844912,0.501462054427801,0.9240436237459302,0.1619699823168481,0.12988188583014837,0.6593490332126398,-0.14759763723769903,5.236096715157449,4.825928411445823,-2.4812544198282493,8013,ok
Ahmedabad,Annual,8.0,M6,0.06278037406187637,0.944286386776711,0.1250465172405499,0.051029932873495276,0.7325868402144955,0.9240436237459302,0.1619699823168481,0.12988188583014837,0.6593490332126398,0.0536782181039982,4.754800013944271,3.1045227562545405,2.803917538504453,8013,ok
Ahmedabad,Annual,9.0,M14,0.0570083180653109,0.9250429713479335,0.16022159230664007,0.1333644557359704,0.6016058828537182,0.9240436237459302,0.1619699823168481,0.12988188583014837,0.6593490332126398,-0.11393224147279768,5.158723181899217,4.0453483741672756,-0.19124752162733533,8013,ok
Ahmedabad,Annual,10.0,M12,0.03644660911993827,0.9230442761439268,0.1637183723270561,0.15526764036139956,0.594768931949239,0.9240436237459302,0.1619699823168481,0.12988188583014837,0.6593490332126398,-0.13134090902130913,5.198877480385693,4.295633145282018,-0.3475893050403856,8013,ok
Ahmedabad,Annual,11.0,M8,-0.1537261910557632,0.9053207152786056,0.1936191598948863,0.17487404158678208,0.7177109824664065,0.9240436237459302,0.1619699823168481,0.12988188583014837,0.6593490332126398,-0.28571341077229095,5.542234838289075,4.519672878635748,2.4637486294939506,8013,ok
Ahmedabad,Annual,12.0,M4,-0.23390636483816027,0.8761055439706524,0.23922550851143895,0.12639931592432638,0.7715443619867535,0.9240436237459302,0.1619699823168481,0.12988188583014837,0.6593490332126398,-0.5401780253135338,6.065942627894177,3.965758649962714,3.6947661808776546,8013,ok
Ahmedabad,Annual,13.0,M2,-0.28899943823716356,0.8713280544178197,0.24631390876989873,0.21897984808273357,0.7221910134160571,0.9240436237459302,0.1619699823168481,0.12988188583014837,0.6593490332126398,-0.5817900365771964,6.147340296065464,5.023664050351219,2.5661943012853246,8013,ok
Ahmedabad,Annual,14.0,M9,-1.4896384691696918,0.60024254855095,0.5561819185222382,0.5608563768121098,1.0,0.9240436237459302,0.1619699823168481,0.12988188583014837,0.6593490332126398,-2.9429491764981743,9.705623197008578,8.93024157347512,8.918902258022381,8013,ok
Ahmedabad,Annual,15.0,M16,-1.721324703805688,0.12813729471361246,0.919022601381058,0.9125128010989264,0.04508387365302233,0.9240436237459302,0.1619699823168481,0.12988188583014837,0.6593490332126398,-7.054993572004074,13.872203021156796,12.948572659516001,-12.917336189318034,8013,ok
Ahmedabad,Annual,16.0,M10,-1.9728427223862939,0.0,1.0,1.0,0.0,0.9240436237459302,0.1619699823168481,0.12988188583014837,0.6593490332126398,-8.1710714811136,14.802084402261386,13.948277219692308,-13.948277219692308,8013,ok
Amreli,Annual,1.0,M1,0.27977485916151923,1.0,0.0,0.0235055236483631,0.5808749975067969,0.9546036786036098,0.09905774513278745,0.0893475891639885,0.6503537246235132,0.32976012189542614,3.67272697294476,2.8752637577052367,-0.9115501349616851,5437,ok
Amreli,Annual,2.0,M13,0.21887003274067612,0.997670907286131,0.00579568420108366,0.013063777275141037,0.6440967933859094,0.9546036786036098,0.09905774513278745,0.0893475891639885,0.6503537246235132,0.3060897861697074,3.7370176797987784,2.7557751511888884,0.5183847168578286,5437,ok
Amreli,Annual,3.0,M15,0.21068524061552374,0.9951350598738717,0.011994543713910377,0.0,0.6566106558611169,0.9546036786036098,0.09905774513278745,0.0893475891639885,0.6503537246235132,0.28031822317440835,3.8057807534827917,2.6062817152585094,0.8014201453102413,5437,ok
Amreli,Annual,4.0,M7,0.16549087304582497,0.9799673553566498,0.04695561443528282,0.08310353928669381,0.5685727089055275,0.9546036786036098,0.09905774513278745,0.0893475891639885,0.6503537246235132,0.12617036294829875,4.193598976675509,3.557264984820488,-1.189800238165555,5437,ok
Amreli,Annual,5.0,M3,0.05418852958348169,0.9727337753155795,0.06253673969984674,0.01955645719287271,0.7206074291560576,0.9546036786036098,0.09905774513278745,0.0893475891639885,0.6503537246235132,0.05265621426223821,4.366438200153649,2.830073189869083,2.248883243533649,5437,ok
Amreli,Annual,6.0,M14,0.04843758545091986,0.9582794161165793,0.09195583400450985,0.0892962268345919,0.6127451501432369,0.9546036786036098,0.09905774513278745,0.0893475891639885,0.6503537246235132,-0.09424198901799774,4.69278006113672,3.6281301044318113,-0.19071895081132362,5437,ok
Amreli,Annual,7.0,M5,0.04830473954338227,0.9715330377297914,0.06506382623512177,0.019443395794324296,0.7228764564736423,0.9546036786036098,0.09905774513278745,0.0893475891639885,0.6503537246235132,0.040453238569235994,4.394470814422681,2.828779388192576,2.300203538948045,5437,ok
Amreli,Annual,8.0,M12,0.009641287665021758,0.9509279410906403,0.10615965626106506,0.11759021420687256,0.6016921632743601,0.9546036786036098,0.09905774513278745,0.0893475891639885,0.6503537246235132,-0.16895429261459638,4.850341056736175,3.951908235317568,-0.4407126582145648,5437,ok
Amreli,Annual,9.0,M11,0.008089058997725579,0.9390786717214077,0.1281298759337207,0.1838136945285103,0.5032014225781304,0.9546036786036098,0.09905774513278745,0.0893475891639885,0.6503537246235132,-0.28937722915295483,5.094053602742218,4.709727004272551,-2.6683517302262345,5437,ok
Amreli,Annual,10.0,M6,0.005155557985590517,0.9635226080942308,0.08152682183094044,0.029781322996350112,0.731214285598029,0.9546036786036098,0.09905774513278745,0.0893475891639885,0.6503537246235132,-0.0409559546551852,4.577092501020422,2.9470799551174114,2.4887864839228087,5437,ok
Amreli,Annual,11.0,M8,-0.2007768412691562,0.9243385912271326,0.1540734538350624,0.15349866168081186,0.7016986972970938,0.9546036786036098,0.09905774513278745,0.0893475891639885,0.6503537246235132,-0.4391791893093664,5.381842050789075,4.362821333324804,1.821210250179541,5437,ok
Amreli,Annual,12.0,M4,-0.24695816188266606,0.9070807135361466,0.18278672832540913,0.0893989514933851,0.7660085759166977,0.9546036786036098,0.09905774513278745,0.0893475891639885,0.6503537246235132,-0.6145692699302556,5.700354352189605,3.629305619129769,3.275755086746516,5437,ok
Amreli,Annual,13.0,M2,-0.26797456793241664,0.9055295828626645,0.18528927109110682,0.18538640514778784,0.6869838548728657,0.9546036786036098,0.09905774513278745,0.0893475891639885,0.6503537246235132,-0.6303332554415004,5.728114705886764,4.727724089590852,1.4883936047671058,5437,ok
Amreli,Annual,14.0,M9,-1.531537798466584,0.6292757302730169,0.5208673125013638,0.5241015965549164,1.0,0.9546036786036098,0.09905774513278745,0.0893475891639885,0.6503537246235132,-3.437873460853715,9.450634556591984,8.603762137301748,8.568114907770482,5437,ok
Amreli,Annual,15.0,M16,-1.9582083048118957,0.07997524784522858,0.9490925537095369,0.9448391582199024,0.028407221044363776,0.9546036786036098,0.09905774513278745,0.0893475891639885,0.6503537246235132,-9.020359188425186,14.200876718657755,13.41841125398224,-13.407128868305868,5437,ok
Amreli,Annual,16.0,M10,-2.1158446196833207,0.0,1.0,1.0,0.0,0.9546036786036098,0.09905774513278745,0.0893475891639885,0.6503537246235132,-9.833139613597435,14.765585835406197,14.049636327163057,-14.049636327163057,5437,ok
Deesa,Annual,,M1,,,,,,,,,,,,,,0,no valid reference data
Deesa,Annual,,M2,,,,,,,,,,,,,,0,no valid reference data
Deesa,Annual,,M3,,,,,,,,,,,,,,0,no valid reference data
Deesa,Annual,,M4,,,,,,,,,,,,,,0,no valid reference data
Deesa,Annual,,M5,,,,,,,,,,,,,,0,no valid reference data
Deesa,Annual,,M6,,,,,,,,,,,,,,0,no valid reference data
Deesa,Annual,,M7,,,,,,,,,,,,,,0,no valid reference data
Deesa,Annual,,M8,,,,,,,,,,,,,,0,no valid reference data
Deesa,Annual,,M9,,,,,,,,,,,,,,0,no valid reference data
Deesa,Annual,,M10,,,,,,,,,,,,,,0,no valid reference data
Deesa,Annual,,M11,,,,,,,,,,,,,,0,no valid reference data
Deesa,Annual,,M12,,,,,,,,,,,,,,0,no valid reference data
Deesa,Annual,,M13,,,,,,,,,,,,,,0,no valid reference data
Deesa,Annual,,M14,,,,,,,,,,,,,,0,no valid reference data
Deesa,Annual,,M15,,,,,,,,,,,,,,0,no valid reference data
Deesa,Annual,,M16,,,,,,,,,,,,,,0,no valid reference data
Okha,Annual,1.0,M5,0.1492914858442811,0.9992235357127894,0.0015412917731261614,0.08819640655589202,0.7071537708533893,0.9520818080005392,0.0875900533738502,0.16173750219359984,0.6497136717469882,-0.08090743376126674,4.834115106922345,4.300163801750335,-1.730800222316979,7040,ok
Okha,Annual,2.0,M3,0.13223763711345138,0.9972416687020678,0.0054542687072299065,0.09136376339063523,0.7151454188046503,0.9520818080005392,0.0875900533738502,0.16173750219359984,0.6497136717469882,-0.09763676394649634,4.87138055128856,4.332142988772595,-1.5977249396435322,7040,ok
Okha,Annual,3.0,M6,0.11487970112706336,1.0,0.0,0.06691876343451333,0.7651609547523224,0.9520818080005392,0.0875900533738502,0.16173750219359984,0.6497136717469882,-0.07435314562411577,4.819436532580917,4.085334287971655,-0.7648764927534073,7040,ok
Okha,Annual,4.0,M15,0.06699416007667977,0.9731207195486136,0.05087924959273086,0.14838693922277071,0.6538197899703313,0.9520818080005392,0.0875900533738502,0.16173750219359984,0.6497136717469882,-0.3012464514715578,5.303987777585109,4.907876920780572,-2.618906733689671,7040,ok
Okha,Annual,5.0,M14,0.05386898211183419,0.9916447424574327,0.016346540057588094,0.03044343329000545,0.8379452063119041,0.9520818080005392,0.0875900533738502,0.16173750219359984,0.6497136717469882,-0.14488152187542624,4.975113677975507,3.71706147715511,0.4471119368593143,7040,ok
Okha,Annual,6.0,M7,0.006166174466738214,0.9578006523959222,0.07789827855500898,0.17508806516442896,0.6456075535236451,0.9520818080005392,0.0875900533738502,0.16173750219359984,0.6497136717469882,-0.4305661588337273,5.5613049398324605,5.177464575328002,-2.755655210748336,7040,ok
Okha,Annual,7.0,M12,-0.027439242518141393,0.973413479234238,0.05035015222169187,0.0750332473147252,0.8224287415298615,0.9520818080005392,0.0875900533738502,0.16173750219359984,0.6497136717469882,-0.298775209244285,5.298948890574834,4.167262094383604,0.18873494758802567,7040,ok
Okha,Annual,8.0,M9,-0.03234657712830036,0.9848227282002394,0.029323388544461173,0.0,0.9348053360979777,0.9520818080005392,0.0875900533738502,0.16173750219359984,0.6497136717469882,-0.2024674892584597,5.098699386115422,3.4096896533992003,2.0600069529660496,7040,ok
Okha,Annual,9.0,M11,-0.0335328457529632,0.9463629636051563,0.0972818281926914,0.19380097955192974,0.6357724209273974,0.9520818080005392,0.0875900533738502,0.16173750219359984,0.6497136717469882,-0.5271139449876259,5.745905207814429,5.366399330757266,-2.9194278216489415,7040,ok
Okha,Annual,10.0,M13,-0.135804944888109,0.8933011135130275,0.18008029285230745,0.2660476429073262,0.529937541955402,0.9520818080005392,0.0875900533738502,0.16173750219359984,0.6497136717469882,-0.9750194833653654,6.534440798578814,6.095837054298055,-4.681768520563983,7040,ok
Okha,Annual,11.0,M1,-0.3146477226473585,0.8135360808076189,0.28847485563394476,0.3494873132436964,0.4371810538912353,0.9520818080005392,0.0875900533738502,0.16173750219359984,0.6497136717469882,-1.6483318510193912,7.566742193901111,6.938284862354641,-6.226330536335391,7040,ok
Okha,Annual,12.0,M2,-0.38398564055448625,0.772068227907664,0.33935353043167577,0.352455553689399,0.4112042036549747,0.9520818080005392,0.0875900533738502,0.16173750219359984,0.6497136717469882,-1.9983701732089592,8.05128796481449,6.9682536727201,-6.658891718864798,7040,ok
Okha,Annual,13.0,M4,-0.42102227596197234,0.8883456060261544,0.18730830214575417,0.06901899915627167,1.0,0.9520818080005392,0.0875900533738502,0.16173750219359984,0.6497136717469882,-1.0168498990969894,6.603277130287249,4.106539297208445,3.1456151254573053,7040,ok
Okha,Annual,14.0,M8,-0.45819763637867134,0.7465530695704389,0.36919061884916266,0.4003204508118684,0.38219905560197825,0.9520818080005392,0.0875900533738502,0.16173750219359984,0.6497136717469882,-2.213748655338504,8.335443066466363,7.45152113412211,-7.141879495563421,7040,ok
Okha,Annual,15.0,M16,-1.5419670486250112,0.2579107994136702,0.8165397399615802,0.8093379409875658,0.12095958640343459,0.9520818080005392,0.0875900533738502,0.16173750219359984,0.6497136717469882,-6.338474399139049,12.595796261956934,11.581162186947871,-11.49198555892821,7040,ok
Okha,Annual,16.0,M10,-2.053040580686101,0.0,1.0,1.0,0.0,0.9520818080005392,0.0875900533738502,0.16173750219359984,0.6497136717469882,-8.51555030705108,14.342989825580363,13.506179784057998,-13.506179784057998,7040,ok
