district,period,rank,model,GPI,R2,RMSE,MAE,MBE,n
Ahmedabad,Annual,1.0,M1,0.435570572882958,0.538944690243585,3.318863195312487,2.521410515379057,-0.4203578659844847,8013
Ahmedabad,Annual,2.0,M13,0.3266162487882205,0.45582870701294464,3.605625784139333,2.6066707162796314,1.111241360386352,8013
Ahmedabad,Annual,3.0,M15,0.29916369580413127,0.3773008595991256,3.8570207042211875,2.549260183426426,1.1471095620912295,8013
Ahmedabad,Monsoon,1.0,M2,1.0049800717966704,0.30402700660789206,4.528493678905395,3.742496577183499,-1.2814697321983048,2677
Ahmedabad,Monsoon,2.0,M8,0.917640152769905,0.2591692901688839,4.672153046391403,3.816911711524531,-0.28061313604421645,2677
Ahmedabad,Monsoon,3.0,M1,0.9073976825721495,0.2968643681490861,4.551736632245252,3.775331667410264,0.5842552438034422,2677
Ahmedabad,Post-Monsoon,1.0,M15,0.1698372818579583,0.5304464440383347,2.088648392192177,1.4206987410349055,-0.1264543427338492,2018
Ahmedabad,Post-Monsoon,2.0,M1,0.14596810264539736,0.381300810881525,2.3975216770503227,1.8402826229656126,-0.9446077527094559,2018
Ahmedabad,Post-Monsoon,3.0,M13,0.12044955702139293,0.44358708503336597,2.2736382665065262,1.6688624466832338,0.14029095026193963,2018
Ahmedabad,Pre-Monsoon,1.0,M15,0.2680441477929132,0.2909553664291131,2.3188555632681194,1.516450575646158,0.005384316392399747,2018
Ahmedabad,Pre-Monsoon,2.0,M1,0.23752926597680146,0.02249424801838351,2.7226798157939283,2.0574396566777056,-0.9393956708692072,2018
Ahmedabad,Pre-Monsoon,3.0,M5,0.14096513997463658,-0.07136429846771497,2.8503979435840425,1.898534944330692,1.7139413514728246,2018
Ahmedabad,Winter,1.0,M15,0.10103160988186868,0.49860298177906903,1.907534377336478,1.3409505588216348,-0.27930135583440074,1300
Ahmedabad,Winter,2.0,M1,0.07180481941725123,0.3385765566749084,2.190893626589763,1.7168430967345345,-0.8695845838567298,1300
Ahmedabad,Winter,3.0,M14,0.05797340316086519,0.2860927937271356,2.2761578822415465,1.7658869025702493,-0.8341017076202175,1300
Amreli,Annual,1.0,M1,0.27977485916151923,0.32976012189542614,3.67272697294476,2.8752637577052367,-0.9115501349616851,5437
Amreli,Annual,2.0,M13,0.21887003274067612,0.3060897861697074,3.7370176797987784,2.7557751511888884,0.5183847168578286,5437
Amreli,Annual,3.0,M15,0.21068524061552374,0.28031822317440835,3.8057807534827917,2.6062817152585094,0.8014201453102413,5437
Amreli,Monsoon,1.0,M1,0.5746033966593553,0.1305914768390687,4.919499815601464,4.158398941343858,-0.4780540071175302,1826
Amreli,Monsoon,2.0,M8,0.5276021642341984,0.021280846818603982,5.219609893050985,4.296623226196558,-1.2365439560255065,1826
Amreli,Monsoon,3.0,M2,0.4958055532287729,-0.07122489230405171,5.460712724055258,4.525086504312793,-2.349467175486175,1826
Amreli,Post-Monsoon,1.0,M15,0.1771619600228301,0.39380841876816186,2.1377559853128134,1.5798706124041324,-0.4753443070958722,1354
Amreli,Post-Monsoon,2.0,M13,0.14833750803424306,0.30122523844537363,2.2952066106272184,1.7240738788646885,-0.4045754184802831,1354
Amreli,Post-Monsoon,3.0,M1,0.13255691896194902,0.10053717897747849,2.6040228396406624,2.1843373349610036,-1.4368797947514702,1354
Amreli,Pre-Monsoon,1.0,M15,0.21118844249566499,0.1719613404831628,2.754262902638389,1.809790288680733,0.34794548428667693,1377
Amreli,Pre-Monsoon,2.0,M1,0.18397147804345254,-0.08968144869942929,3.159583698358598,2.3361851383015186,-0.8296736599465384,1377
Amreli,Pre-Monsoon,3.0,M12,0.13672810743326663,-0.47057461736772144,3.670486394586988,3.268615540274354,-2.4867384008484628,1377
Amreli,Winter,1.0,M15,0.08124297692207386,0.23095982729071263,2.3058184924270106,1.6177922887990344,-0.3749720589588958,880
Amreli,Winter,2.0,M14,0.06733773320466088,0.13556716274901082,2.4446474242772753,1.8077426861651134,-0.6961379062396116,880
Amreli,Winter,3.0,M1,0.04128768291315082,-0.0222746238626208,2.6584861041810326,2.119378291785338,-1.1308813578979526,880
Okha,Annual,1.0,M5,0.1492914858442811,-0.08090743376126674,4.834115106922345,4.300163801750335,-1.730800222316979,7040
Okha,Annual,2.0,M3,0.13223763711345138,-0.09763676394649634,4.87138055128856,4.332142988772595,-1.5977249396435322,7040
Okha,Annual,3.0,M6,0.11487970112706336,-0.07435314562411577,4.819436532580917,4.085334287971655,-0.7648764927534073,7040
Okha,Monsoon,1.0,M13,0.8334836453618772,-0.0023888758029879664,5.39051984700143,4.78515441580533,-0.8687231766260283,2300
Okha,Monsoon,2.0,M1,0.684976362403952,-0.27463247308709193,6.078620347370409,5.06656668853851,-3.1220652131699227,2300
Okha,Monsoon,3.0,M15,0.6504186747200759,-0.056265311082069,5.533488845966335,4.87057562474345,1.3769956493919682,2300
Okha,Post-Monsoon,1.0,M4,0.23297352051909692,0.2943877761181578,2.3625138333492752,1.4972982242496444,-0.03509274668292852,1788
Okha,Post-Monsoon,2.0,M14,0.2096430404407339,-0.11806896223968977,2.973894844468661,2.6118487479680605,-1.8381193271595244,1788
Okha,Post-Monsoon,3.0,M12,0.18403452760505162,-0.3390074609228586,3.2544890201444967,3.004270436643515,-2.3235537002244517,1788
Okha,Pre-Monsoon,1.0,M14,0.25662815886033596,-0.24959538281318405,3.404586904487031,2.817165108592562,-1.8883369567055122,1768
Okha,Pre-Monsoon,2.0,M12,0.2390324673059871,-0.31641044014360675,3.4944222129411138,2.9974617438669804,-1.9602158485526895,1768
Okha,Pre-Monsoon,3.0,M6,0.20843212699232738,-0.6238110944303468,3.881034206933151,3.462456058579591,-2.6869507913454,1768
Okha,Winter,1.0,M4,0.3104217485024753,0.3276180920409284,2.1111458798848473,1.5588315582283088,-0.5380067886397163,1184
Okha,Winter,2.0,M14,0.30298675858131185,0.18010008196367966,2.3312596986418526,1.959367246091272,-1.176289006268029,1184
Okha,Winter,3.0,M9,0.23676230479542038,0.04166075769894284,2.5204023187328493,1.8842796242138256,-0.40942463497331394,1184
