station,year,records_in_file,valid_days_used,expected_calendar_days
Ahmedabad,1985,365,361,365
Ahmedabad,1986,365,362,365
Ahmedabad,1987,365,361,365
Ahmedabad,1988,366,362,366
Ahmedabad,1989,365,364,365
Ahmedabad,1990,365,340,365
Ahmedabad,1991,365,365,365
Ahmedabad,1992,366,366,366
Ahmedabad,1993,365,365,365
Ahmedabad,1994,365,361,365
Ahmedabad,1995,365,364,365
Ahmedabad,1996,366,364,366
Ahmedabad,1997,365,365,365
Ahmedabad,1998,365,362,365
Ahmedabad,1999,365,365,365
Ahmedabad,2000,366,364,366
Ahmedabad,2001,365,365,365
Ahmedabad,2002,365,362,365
Ahmedabad,2003,365,365,365
Ahmedabad,2004,366,365,366
Ahmedabad,2005,365,362,365
Ahmedabad,2006,365,364,365
Ahmedabad,2007,365,365,365
Ahmedabad,2008,366,363,366
Ahmedabad,2009,365,364,365
Ahmedabad,2010,365,364,365
Ahmedabad,2011,365,365,365
Ahmedabad,2012,366,365,366
Ahmedabad,2013,365,364,365
Ahmedabad,2014,365,365,365
Ahmedabad,2015,365,365,365
Ahmedabad,2016,366,366,366
Ahmedabad,2017,365,365,365
Ahmedabad,2018,365,365,365
Ahmedabad,2019,365,362,365
Ahmedabad,2020,366,365,366
Ahmedabad,2021,363,363,365
Ahmedabad,2022,365,364,365
Ahmedabad,2023,365,365,365
Ahmedabad,2024,366,328,366
Ahmedabad,2025,365,305,365
Amreli,1985,360,356,365
Amreli,1986,364,361,365
Amreli,1987,363,359,365
Amreli,1988,366,365,366
Amreli,1989,365,362,365
Amreli,1990,365,358,365
Amreli,1991,365,363,365
Amreli,1992,366,363,366
Amreli,1993,365,354,365
Amreli,1994,363,352,365
Amreli,1995,364,353,365
Amreli,1996,366,365,366
Amreli,1997,365,363,365
Amreli,1998,365,355,365
Amreli,1999,365,350,365
Amreli,2000,366,364,366
Amreli,2001,365,365,365
Amreli,2002,365,365,365
Amreli,2003,365,364,365
Amreli,2004,366,365,366
Amreli,2005,365,365,365
Amreli,2006,364,362,365
Amreli,2007,365,364,365
Amreli,2008,364,361,366
Amreli,2009,365,364,365
Amreli,2010,365,364,365
Amreli,2011,365,365,365
Amreli,2012,366,365,366
Amreli,2013,365,365,365
Amreli,2014,365,362,365
Amreli,2015,365,364,365
Amreli,2016,366,366,366
Amreli,2017,365,343,365
Amreli,2018,365,346,365
Amreli,2019,365,345,365
Amreli,2020,366,342,366
Amreli,2021,364,348,365
Amreli,2022,365,348,365
Amreli,2023,364,363,365
Amreli,2024,366,358,366
Amreli,2025,365,356,365
Okha,1985,361,358,365
Okha,1986,359,353,365
Okha,1987,361,354,365
Okha,1988,366,365,366
Okha,1989,365,360,365
Okha,1990,365,363,365
Okha,1991,365,362,365
Okha,1992,366,366,366
Okha,1993,365,365,365
Okha,1994,365,365,365
Okha,1995,364,316,365
Okha,1996,366,278,366
Okha,1997,365,318,365
Okha,1998,365,365,365
Okha,1999,365,364,365
Okha,2000,366,363,366
Okha,2001,365,365,365
Okha,2002,365,262,365
Okha,2003,365,364,365
Okha,2004,366,365,366
Okha,2005,365,359,365
Okha,2006,365,365,365
Okha,2007,365,365,365
Okha,2008,365,216,366
Okha,2009,365,361,365
Okha,2010,365,365,365
Okha,2011,365,365,365
Okha,2012,366,366,366
Okha,2013,365,365,365
Okha,2014,365,365,365
Okha,2015,365,365,365
Okha,2016,366,366,366
Okha,2017,365,365,365
Okha,2018,365,365,365
Okha,2019,365,365,365
Okha,2020,366,366,366
Okha,2021,365,365,365
Okha,2022,365,363,365
Okha,2023,364,364,365
Okha,2024,366,364,366
Okha,2025,365,363,365
