model,author,equation,inputs,units,source,status,assumption,model_name,published_equation,implemented_equation,source_document
M1,"Hargreaves & Samani (1985), used as-is",Rs = 0.16 * sqrt(Tmax - Tmin) * Ra,"Tmax, Tmin, Ra",Tmax/Tmin °C; Ra/Rs MJ m-2 d-1,"Karale et al. (2026), Table 2, p. 7",as printed,None,Hargreaves–Samani,Rs = 0.16*sqrt(Tmax-Tmin)*Ra,Rs = 0.16 * sqrt(Tmax - Tmin) * Ra,Research_References/1. Seasonal_and_regional_evaluation_of_sixteen_temper.pdf
M2,Rao et al. (2017),Rs = 3.6 * (1.29 + 0.3626 * (Tmax - Tmin)),"Tmax, Tmin",Tmax/Tmin °C; output treated as MJ m-2 d-1,"Karale et al. (2026), Table 2, p. 7",conflicting notation; output-unit interpretation unresolved,Primary Table 2 prints H=1.29+0.3626*DeltaT without an output unit; a supplied secondary companion gives H/H0. The ×3.6 conversion is retained from the existing implementation only as an explicit assumption. A no-conversion sensitivity is reported; confirmation from Rao et al. (2017) is needed.,Rao linear temperature-range model,H = 1.29 + 0.3626*(Tmax-Tmin),Rs = 3.6 * (1.29 + 0.3626 * (Tmax - Tmin)),Research_References/1. Seasonal_and_regional_evaluation_of_sixteen_temper.pdf
M3,"Richardson (2018), recalibrated by Marif et al. (2022)",Rs = 0.3124 * (Tmax - Tmin)^0.2942 * Ra,"Tmax, Tmin, Ra",Tmax/Tmin °C; Ra/Rs MJ m-2 d-1,"Karale et al. (2026), Table 2, p. 7",as printed,None,Richardson–Marif power model,H/H0 = 0.3124*(Tmax-Tmin)^0.2942,Rs = 0.3124 * (Tmax - Tmin)^0.2942 * Ra,Research_References/1. Seasonal_and_regional_evaluation_of_sixteen_temper.pdf
M4,"Sarkar & Sifat (2016), recalibrated by Marif et al. (2022)",Rs = (0.7730 - 0.0296*dT + 0.0016*dT^2) * Ra,"Tmax, Tmin, Ra",Tmax/Tmin °C; Ra/Rs MJ m-2 d-1,"Karale et al. (2026), Table 2, p. 7",as printed,None,Sarkar–Sifat–Marif quadratic model,H/H0 = 0.7730 - 0.0296*DeltaT + 0.0016*DeltaT^2,Rs = (0.7730 - 0.0296*dT + 0.0016*dT^2) * Ra,Research_References/1. Seasonal_and_regional_evaluation_of_sixteen_temper.pdf
M5,"Chen et al. (2004), recalibrated by Marif et al. (2022)",Rs = (0.2063 + 0.1801*ln(dT)) * Ra,"Tmax, Tmin, Ra",Tmax/Tmin °C; Ra/Rs MJ m-2 d-1,"Karale et al. (2026), Table 2, p. 7",as printed,None,Chen–Marif logarithmic model,H/H0 = 0.2063 + 0.1801*ln(DeltaT),Rs = (0.2063 + 0.1801*ln(dT)) * Ra,Research_References/1. Seasonal_and_regional_evaluation_of_sixteen_temper.pdf
M6,"Hargreaves & Riley (1985), recalibrated by Marif et al. (2022)",Rs = (0.3040 + 0.1008*sqrt(dT)) * Ra,"Tmax, Tmin, Ra",Tmax/Tmin °C; Ra/Rs MJ m-2 d-1,"Karale et al. (2026), Table 2, p. 7",as printed,None,Hargreaves–Riley–Marif square-root model,H/H0 = 0.3040 + 0.1008*sqrt(DeltaT),Rs = (0.3040 + 0.1008*sqrt(dT)) * Ra,Research_References/1. Seasonal_and_regional_evaluation_of_sixteen_temper.pdf
M7,Panday & Katiyar (2010),Rs = (0.2889 + 0.1562*Tmax/Tmin) * Ra,"Tmax, Tmin, Ra",Tmax/Tmin °C; Ra/Rs MJ m-2 d-1,"Karale et al. (2026), Table 2, p. 7",as printed,Requires non-zero Tmin; such rows must yield finite estimates.,Panday–Katiyar Tmax/Tmin model,H/H0 = 0.2889 + 0.1562*(Tmax/Tmin),Rs = (0.2889 + 0.1562*Tmax/Tmin) * Ra,Research_References/1. Seasonal_and_regional_evaluation_of_sixteen_temper.pdf
M8,Falayi et al. (2008),Rs = (1.7217 - 1.691*Theta) * Ra,"Theta, Ra; implementation uses Tmin/Tmax",Tmax/Tmin °C; Ra/Rs MJ m-2 d-1,"Karale et al. (2026), Table 2, p. 7",Theta undefined in paper,The primary table leaves Theta undefined and the supplied papers do not reproduce the original Falayi equation. Implementation interprets Theta as Tmin/Tmax by analogy with the explicitly defined M12 ratio; this requires confirmation.,Falayi Theta model,H/H0 = 1.7217 - 1.691*Theta,Rs = (1.7217 - 1.691*Theta) * Ra,Research_References/1. Seasonal_and_regional_evaluation_of_sixteen_temper.pdf
M9,"Chen et al. (2004), used as-is",Rs = (0.28*ln(dT) + 0.15) * Ra,"Tmax, Tmin, Ra",Tmax/Tmin °C; Ra/Rs MJ m-2 d-1,"Karale et al. (2026), Table 2, p. 7",as printed,None,Chen logarithmic model,Rs = (0.28*ln(Tmax-Tmin) + 0.15)*Ra,Rs = (0.28*ln(dT) + 0.15) * Ra,Research_References/1. Seasonal_and_regional_evaluation_of_sixteen_temper.pdf
M10,"Ertekin & Yaldiz (1999), used as-is",Rs = -4.46 + 0.477*Ra - 0.226*Tmean,"Tmean, Ra",Tmean °C; Ra/Rs MJ m-2 d-1,"Karale et al. (2026), Table 2, p. 7",as printed,Tmean = (Tmax + Tmin)/2.,Ertekin–Yaldiz linear model,Rs = -4.46 + 0.477*Ra - 0.226*Tmean,Rs = -4.46 + 0.477*Ra - 0.226*Tmean,Research_References/1. Seasonal_and_regional_evaluation_of_sixteen_temper.pdf
M11,Sivamadhavi & Selvaraj (2012),Rs = (0.4610 + 0.0029*dT) * Ra,"Tmax, Tmin, Ra",Tmax/Tmin °C; Ra/Rs MJ m-2 d-1,"Karale et al. (2026), Table 2, p. 7",as printed,None,Sivamadhavi–Selvaraj temperature-range model,H/H0 = 0.4610 + 0.0029*DeltaT,Rs = (0.4610 + 0.0029*dT) * Ra,Research_References/1. Seasonal_and_regional_evaluation_of_sixteen_temper.pdf
M12,Sivamadhavi & Selvaraj (2012),Rs = (0.5290 + 0.0516*Theta) * Ra; Theta = Tmin/Tmax,"Tmax, Tmin, Ra",Tmax/Tmin °C; Ra/Rs MJ m-2 d-1,"Karale et al. (2026), Table 2, p. 7",as printed,None; Theta is defined in the paper as Tmin/Tmax.,Sivamadhavi–Selvaraj ratio model,H/H0 = 0.5290 + 0.0516*Theta; Theta = Tmin/Tmax,Rs = (0.5290 + 0.0516*Theta) * Ra; Theta = Tmin/Tmax,Research_References/1. Seasonal_and_regional_evaluation_of_sixteen_temper.pdf
M13,"Hassan et al. (2016), recalibrated by Ghazouani et al. (2022)",Rs = (0.206590 + 0.026851*Tmax - 0.024184*Tmin) * Ra,"Tmax, Tmin, Ra",Tmax/Tmin °C; Ra/Rs MJ m-2 d-1,"Karale et al. (2026), Table 2, p. 7",as printed,None,Hassan–Ghazouani Tmax/Tmin model,H/H0 = 0.206590 + 0.026851*Tmax - 0.024184*Tmin,Rs = (0.206590 + 0.026851*Tmax - 0.024184*Tmin) * Ra,Research_References/1. Seasonal_and_regional_evaluation_of_sixteen_temper.pdf
M14,Kirmani et al. (2015),Rs = (0.85235 - 0.00997*Tmean) * Ra,"Tmean, Ra",Tmean °C; Ra/Rs MJ m-2 d-1,"Karale et al. (2026), Table 2, p. 7",as printed,Tmean = (Tmax + Tmin)/2.,Kirmani mean-temperature model,H/H0 = 0.85235 - 0.00997*Tmean,Rs = (0.85235 - 0.00997*Tmean) * Ra,Research_References/1. Seasonal_and_regional_evaluation_of_sixteen_temper.pdf
M15,"Hargreaves & Samani (1982), recalibrated by Onyeka et al. (2021)",Rs = (0.236 + 0.106*sqrt(dT)) * Ra,"Tmax, Tmin, Ra",Tmax/Tmin °C; Ra/Rs MJ m-2 d-1,"Karale et al. (2026), Table 2, p. 7",as printed,None,Hargreaves–Samani–Onyeka square-root model,H/H0 = 0.236 + 0.106*sqrt(DeltaT),Rs = (0.236 + 0.106*sqrt(dT)) * Ra,Research_References/1. Seasonal_and_regional_evaluation_of_sixteen_temper.pdf
M16,"Samani (2000), used as-is",Rs = (0.00185*dT^2 - 0.0433*dT + 0.4023) * Ra,"Tmax, Tmin, Ra",Tmax/Tmin °C; Ra/Rs MJ m-2 d-1,"Karale et al. (2026), Table 2, p. 8",as printed,The supplied study prints this form without sqrt(dT); no alternate form is substituted.,Samani quadratic model,H/H0 = 0.00185*DeltaT^2 - 0.0433*DeltaT + 0.4023,Rs = (0.00185*dT^2 - 0.0433*dT + 0.4023) * Ra,Research_References/1. Seasonal_and_regional_evaluation_of_sixteen_temper.pdf
